CREATE DATABASE IF NOT EXISTS emensawerbeseite
    CHARACTER SET UTF8mb4
    COLLATE  utf8mb4_unicode_ci;

USE emensawerbeseite;

CREATE TABLE gericht (
                         id INT8 PRIMARY KEY,
                         name VARCHAR(80) NOT NULL UNIQUE,
                         beschreibung VARCHAR(800) NOT NULL,
                         erfasst_am DATE NOT NULL,
                         vegan BOOLEAN NOT NULL DEFAULT FALSE,
                         vegetarisch BOOLEAN NOT NULL DEFAULT FALSE,
                         preisintern DOUBLE NOT NULL CHECK(preisintern > 0),
                         preisextern DOUBLE NOT NULL CHECK(preisintern <= preisextern)
);

CREATE TABLE allergen (
                          code CHAR(4) PRIMARY KEY,
                          name VARCHAR(300) NOT NULL,
                          typ VARCHAR(20) NOT NULL DEFAULT 'allergen'
);

CREATE TABLE kategorie (
                           id INT8 PRIMARY KEY,
                           eltern_id INT8,
                           name VARCHAR(80) NOT NULL,
                           bildname VARCHAR(200)
);

CREATE TABLE gericht_hat_allergen (
                                      code CHAR(4),
                                      gericht_id INT8 NOT NULL
);

CREATE TABLE gericht_hat_kategorie (
                                       kategorie_id INT8 NOT NULL,
                                       gericht_id INT8 NOT NULL

);

INSERT INTO `gericht` (`id`, `name`, `beschreibung`, `erfasst_am`, `vegan`, `vegetarisch`, `preisintern`, `preisextern`) VALUES
                                                                                                                               (1, 'Bratkartoffeln mit Speck und Zwiebeln', 'Kartoffeln mit Zwiebeln und gut Speck', '2020-08-25', 0, 0, 2.3, 4),
                                                                                                                               (3, 'Bratkartoffeln mit Zwiebeln', 'Kartoffeln mit Zwiebeln und ohne Speck', '2020-08-25', 1, 1, 2.3, 4),
                                                                                                                               (4, 'Grilltofu', 'Fein gewürzt und mariniert', '2020-08-25', 1, 1, 2.5, 4.5),
                                                                                                                               (5, 'Lasagne', 'Klassisch mit Bolognesesoße und Creme Fraiche', '2020-08-24', 0, 0, 2.5, 4.5),
                                                                                                                               (6, 'Lasagne vegetarisch', 'Klassisch mit Sojagranulatsoße und Creme Fraiche', '2020-08-24', 0, 1, 2.5, 4.5),
                                                                                                                               (7, 'Hackbraten', 'Nicht nur für Hacker', '2020-08-25', 0, 0, 2.5, 4),
                                                                                                                               (8, 'Gemüsepfanne', 'Gesundes aus der Region, deftig angebraten', '2020-08-25', 1, 1, 2.3, 4),
                                                                                                                               (9, 'Hühnersuppe', 'Suppenhuhn trifft Petersilie', '2020-08-25', 0, 0, 2, 3.5),
                                                                                                                               (10, 'Forellenfilet', 'mit Kartoffeln und Dilldip', '2020-08-22', 0, 0, 3.8, 5),
                                                                                                                               (11, 'Kartoffel-Lauch-Suppe', 'der klassische Bauchwärmer mit frischen Kräutern', '2020-08-22', 0, 1, 2, 3),
                                                                                                                               (12, 'Kassler mit Rosmarinkartoffeln', 'dazu Salat und Senf', '2020-08-23', 0, 0, 3.8, 5.2),
                                                                                                                               (13, 'Drei Reibekuchen mit Apfelmus', 'grob geriebene Kartoffeln aus der Region', '2020-08-23', 0, 1, 2.5, 4.5),
                                                                                                                               (14, 'Pilzpfanne', 'die legendäre Pfanne aus Pilzen der Saison', '2020-08-23', 0, 1, 3, 5),
                                                                                                                               (15, 'Pilzpfanne vegan', 'die legendäre Pfanne aus Pilzen der Saison ohne Käse', '2020-08-24', 1, 1, 3, 5),
                                                                                                                               (16, 'Käsebrötchen', 'schmeckt vor und nach dem Essen', '2020-08-24', 0, 1, 1, 1.5),
                                                                                                                               (17, 'Schinkenbrötchen', 'schmeckt auch ohne Hunger', '2020-08-25', 0, 0, 1.25, 1.75),
                                                                                                                               (18, 'Tomatenbrötchen', 'mit Schnittlauch und Zwiebeln', '2020-08-25', 1, 1, 1, 1.5),
                                                                                                                               (19, 'Mousse au Chocolat', 'sahnige schweizer Schokolade rundet jedes Essen ab', '2020-08-26', 0, 1, 1.25, 1.75),
                                                                                                                               (20, 'Suppenkreation á la Chef', 'was verschafft werden muss, gut und günstig', '2020-08-26', 0, 0, 0.5, 0.9);

INSERT INTO `allergen` (`code`, `name`, `typ`) VALUES
                                                   ('a', 'Getreideprodukte', 'Getreide (Gluten)'),
                                                   ('a1', 'Weizen', 'Allergen'),
                                                   ('a2', 'Roggen', 'Allergen'),
                                                   ('a3', 'Gerste', 'Allergen'),
                                                   ('a4', 'Dinkel', 'Allergen'),
                                                   ('a5', 'Hafer', 'Allergen'),
                                                   ('a6', 'Dinkel', 'Allergen'),
                                                   ('b', 'Fisch', 'Allergen'),
                                                   ('c', 'Krebstiere', 'Allergen'),
                                                   ('d', 'Schwefeldioxid/Sulfit', 'Allergen'),
                                                   ('e', 'Sellerie', 'Allergen'),
                                                   ('f', 'Milch und Laktose', 'Allergen'),
                                                   ('f1', 'Butter', 'Allergen'),
                                                   ('f2', 'Käse', 'Allergen'),
                                                   ('f3', 'Margarine', 'Allergen'),
                                                   ('g', 'Sesam', 'Allergen'),
                                                   ('h', 'Nüsse', 'Allergen'),
                                                   ('h1', 'Mandeln', 'Allergen'),
                                                   ('h2', 'Haselnüsse', 'Allergen'),
                                                   ('h3', 'Walnüsse', 'Allergen'),
                                                   ('i', 'Erdnüsse', 'Allergen');


INSERT INTO `kategorie` (`id`, `eltern_id`, `name`, `bildname`) VALUES
                                                                    (1, NULL, 'Aktionen', 'kat_aktionen.png'),
                                                                    (2, NULL, 'Menus', 'kat_menu.gif'),
                                                                    (3, 2, 'Hauptspeisen', 'kat_menu_haupt.bmp'),
                                                                    (4, 2, 'Vorspeisen', 'kat_menu_vor.svg'),
                                                                    (5, 2, 'Desserts', 'kat_menu_dessert.pic'),
                                                                    (6, 1, 'Mensastars', 'kat_stars.tif'),
                                                                    (7, 1, 'Erstiewoche', 'kat_erties.jpg');


INSERT INTO `gericht_hat_allergen` (`code`, `gericht_id`) VALUES
                                                              ('h', 1),
                                                              ('a3', 1),
                                                              ('a4', 1),
                                                              ('f1', 3),
                                                              ('a6', 3),
                                                              ('i', 3),
                                                              ('a3', 4),
                                                              ('f1', 4),
                                                              ('a4', 4),
                                                              ('h3', 4),
                                                              ('d', 6),
                                                              ('h1',7),
                                                              ('a2', 7),
                                                              ('h3', 7),
                                                              ('c', 7),
                                                              ('a3', 8),
                                                              ('h3', 10),
                                                              ('d', 10),
                                                              ('f', 10),
                                                              ('f2', 12),
                                                              ('h1', 12),
                                                              ('a5',12),
                                                              ('c', 1),
                                                              ('a2', 9),
                                                              ('i', 14),
                                                              ('f1', 1),
                                                              ('a1', 15),
                                                              ('a4', 15),
                                                              ('i', 15),
                                                              ('f3', 15),
                                                              ('h3', 15);

INSERT INTO `gericht_hat_kategorie` (`kategorie_id`, `gericht_id`) VALUES
                                                                       (3, 1),	(3, 3),	(3, 4),	(3, 5),	(3, 6),	(3, 7),	(3, 9),	(4, 16), (4, 17), (4, 18), (5, 16), (5, 17), (5, 18);



SELECT COUNT(*) FROM allergen;

SELECT * FROM gericht;

SELECT name, erfasst_am FROM gericht;

SELECT name AS Gerichtname, erfasst_am FROM gericht ORDER BY Gerichtname DESC;

SELECT name, beschreibung FROM gericht ORDER BY name ASC LIMIT 5;

SELECT name, beschreibung FROM gericht ORDER BY name ASC LIMIT 10 OFFSET 5;

SELECT DISTINCT typ FROM allergen;

SELECT name FROM gericht WHERE name LIKE 'K%' OR name LIKE 'k%';

SELECT id, name FROM gericht WHERE name LIKE '%suppe%';

SELECT * FROM kategorie WHERE eltern_id IS NULL;

UPDATE allergen SET name = 'Kamut' WHERE code = 'a6';

INSERT INTO gericht (id, name, beschreibung, erfasst_am, vegan, vegetarisch, preisintern, preisextern)
VALUES (2, 'Currywurst mit Pommes', 'mmm yummy', '2023-11-17', 0, 0, 13.37, 13.37);

INSERT INTO gericht_hat_kategorie (kategorie_id, gericht_id) VALUES (3, 21);

CREATE TABLE ersteller(
                          ersteller_id INT8 AUTO_INCREMENT PRIMARY KEY ,
                          name VARCHAR(80) NOT NULL,
                          email VARCHAR(80) NOT NULL
);

CREATE TABLE wunschgericht(
                              nummer INT8 AUTO_INCREMENT PRIMARY KEY,
                              eingetragen_von_ersteller_id INT8 NOT NULL,
                              FOREIGN KEY (eingetragen_von_ersteller_id) REFERENCES ersteller(ersteller_id),
                              name VARCHAR(80) DEFAULT 'anonym' NOT NULL,
                              erstellungsdatum DATETIME NOT NULL,
                              beschreibung VARCHAR(300) NOT NULL
);

CREATE TABLE page_views(
    id INT AUTO_INCREMENT PRIMARY KEY,
    visit_timestamp TIMESTAMP DEFAULT CURRENT_TIMESTAMP
);

UPDATE gericht SET id = 2 WHERE id = 21;



























